name,slug,years,date_of_information,ranking,region
Afghanistan,afghanistan,20,2024,206,South Asia
Albania,albania,36.3,2024,91,Europe
Algeria,algeria,29.1,2024,146,Africa
American Samoa,american-samoa,30,2024,141,Australia and Oceania
Andorra,andorra,48.8,2024,4,Europe
Angola,angola,16.3,2024,227,Africa
Anguilla,anguilla,37.1,2024,83,Central America and the Caribbean
Antigua and Barbuda,antigua-and-barbuda,33.9,2024,109,Central America and the Caribbean
Argentina,argentina,33.3,2024,112,South America
Armenia,armenia,38.9,2024,70,Middle East
Aruba,aruba,40.9,2024,56,Central America and the Caribbean
Australia,australia,38.1,2024,77,Australia and Oceania
Austria,austria,44.9,2024,24,Europe
Azerbaijan,azerbaijan,34.3,2024,104,Middle East
The Bahamas,the-bahamas,30.7,2024,133,Central America and the Caribbean
Bahrain,bahrain,33.4,2024,111,Middle East
Bangladesh,bangladesh,29.6,2024,144,South Asia
Barbados,barbados,41.4,2024,50,Central America and the Caribbean
Belarus,belarus,42.1,2024,46,Europe
Belgium,belgium,42,2024,47,Europe
Belize,belize,26.8,2024,162,Central America and the Caribbean
Benin,benin,17.2,2024,223,Africa
Bermuda,bermuda,43.8,2024,34,North America
Bhutan,bhutan,30.7,2024,134,South Asia
Bolivia,bolivia,26.6,2024,163,South America
Bosnia and Herzegovina,bosnia-and-herzegovina,44.8,2024,28,Europe
Botswana,botswana,27.1,2024,161,Africa
Brazil,brazil,35.1,2024,101,South America
British Virgin Islands,british-virgin-islands,38.5,2024,74,Central America and the Caribbean
Brunei,brunei,32.3,2024,117,East and Southeast Asia
Bulgaria,bulgaria,45.1,2024,19,Europe
Burkina Faso,burkina-faso,18.7,2024,218,Africa
Burma,burma,30.8,2024,131,East and Southeast Asia
Burundi,burundi,18.4,2024,220,Africa
Cabo Verde,cabo-verde,28.8,2024,149,Africa
Cambodia,cambodia,27.9,2024,154,East and Southeast Asia
Cameroon,cameroon,18.9,2024,216,Africa
Canada,canada,42.6,2024,40,North America
Cayman Islands,cayman-islands,41.2,2024,51,Central America and the Caribbean
Central African Republic,central-african-republic,20.4,2024,202,Africa
Chad,chad,16.7,2024,225,Africa
Chile,chile,36.9,2024,85,South America
China,china,40.2,2024,61,East and Southeast Asia
Christmas Island,christmas-island,38,2021,78,Australia and Oceania
Cocos (Keeling) Islands,cocos-keeling-islands,40,2021,62,Australia and Oceania
Colombia,colombia,32.7,2024,114,South America
Comoros,comoros,22.7,2024,183,Africa
Democratic Republic of the Congo,democratic-republic-of-the-congo,16.9,2024,224,Africa
Republic of the Congo,republic-of-the-congo,20.7,2024,200,Africa
Cook Islands,cook-islands,41.1,2024,53,Australia and Oceania
Costa Rica,costa-rica,35.5,2024,96,Central America and the Caribbean
Cote d'Ivoire,cote-divoire,21.2,2024,195,Africa
Croatia,croatia,45.1,2024,20,Europe
Cuba,cuba,42.6,2024,42,Central America and the Caribbean
Curacao,curacao,37.8,2024,81,Central America and the Caribbean
Cyprus,cyprus,39.5,2024,67,Europe
Czechia,czechia,44.2,2024,31,Europe
Denmark,denmark,42.2,2024,45,Europe
Djibouti,djibouti,26.3,2024,164,Africa
Dominica,dominica,37,2024,84,Central America and the Caribbean
Dominican Republic,dominican-republic,29.2,2024,145,Central America and the Caribbean
Ecuador,ecuador,28,2024,153,South America
Egypt,egypt,24.4,2024,177,Africa
El Salvador,el-salvador,29.7,2024,143,Central America and the Caribbean
Equatorial Guinea,equatorial-guinea,22.1,2024,186,Africa
Eritrea,eritrea,21.3,2024,192,Africa
Estonia,estonia,45,2024,22,Europe
Eswatini,eswatini,24.6,2024,175,Africa
Ethiopia,ethiopia,20.4,2024,203,Africa
Faroe Islands,faroe-islands,36.8,2024,86,Europe
Fiji,fiji,31.6,2024,124,Australia and Oceania
Finland,finland,43.3,2024,36,Europe
France,france,42.6,2024,41,Europe
French Polynesia,french-polynesia,35.3,2024,98,Australia and Oceania
Gabon,gabon,22,2024,187,Africa
The Gambia,the-gambia,20.2,2024,205,Africa
Gaza Strip,gaza-strip,19.5,2024,208,Middle East
Georgia,georgia,38.3,2024,75,Middle East
Germany,germany,46.8,2024,9,Europe
Ghana,ghana,21.4,2024,191,Africa
Gibraltar,gibraltar,36.8,2024,88,Europe
Greece,greece,46.5,2024,10,Europe
Greenland,greenland,35.3,2024,100,North America
Grenada,grenada,35.4,2024,97,Central America and the Caribbean
Guam,guam,30.3,2024,137,Australia and Oceania
Guatemala,guatemala,24.8,2024,174,Central America and the Caribbean
Guernsey,guernsey,45,2024,23,Europe
Guinea,guinea,19.4,2024,209,Africa
Guinea-Bissau,guinea-bissau,18.4,2024,221,Africa
Guyana,guyana,28.3,2024,150,South America
Haiti,haiti,25,2024,173,Central America and the Caribbean
Honduras,honduras,25.7,2024,168,Central America and the Caribbean
Hong Kong,hong-kong,47.2,2024,7,East and Southeast Asia
Hungary,hungary,44.8,2024,27,Europe
Iceland,iceland,38,2024,79,Europe
India,india,29.8,2024,142,South Asia
Indonesia,indonesia,31.5,2024,125,East and Southeast Asia
Iran,iran,33.8,2024,110,Middle East
Iraq,iraq,22.4,2024,184,Middle East
Ireland,ireland,40.2,2024,60,Europe
Isle of Man,isle-of-man,44.9,2024,26,Europe
Israel,israel,30.1,2024,140,Middle East
Italy,italy,48.4,2024,5,Europe
Jamaica,jamaica,30.9,2024,130,Central America and the Caribbean
Japan,japan,49.9,2024,3,East and Southeast Asia
Jersey,jersey,38.2,2024,76,Europe
Jordan,jordan,25,2024,172,Middle East
Kazakhstan,kazakhstan,31.9,2024,121,Central Asia
Kenya,kenya,21.2,2024,196,Africa
Kiribati,kiribati,27.3,2024,160,Australia and Oceania
North Korea,north-korea,35.9,2024,94,East and Southeast Asia
South Korea,south-korea,45.5,2024,15,East and Southeast Asia
Kosovo,kosovo,32,2024,119,Europe
Kuwait,kuwait,30.3,2024,138,Middle East
Kyrgyzstan,kyrgyzstan,28.3,2024,151,Central Asia
Laos,laos,25.4,2024,170,East and Southeast Asia
Latvia,latvia,45.5,2024,17,Europe
Lebanon,lebanon,36.3,2024,90,Middle East
Lesotho,lesotho,23.9,2024,179,Africa
Liberia,liberia,19.9,2024,207,Africa
Libya,libya,26.2,2024,165,Africa
Liechtenstein,liechtenstein,44.2,2024,30,Europe
Lithuania,lithuania,45.1,2024,18,Europe
Luxembourg,luxembourg,39.9,2024,64,Europe
Macau,macau,42.5,2024,43,East and Southeast Asia
Madagascar,madagascar,21.3,2024,193,Africa
Malawi,malawi,20.3,2024,204,Africa
Malaysia,malaysia,31.8,2024,122,East and Southeast Asia
Maldives,maldives,31.9,2024,120,South Asia
Mali,mali,16.4,2024,226,Africa
Malta,malta,43.5,2024,35,Europe
Marshall Islands,marshall-islands,25.5,2024,169,Australia and Oceania
Mauritania,mauritania,22.1,2024,185,Africa
Mauritius,mauritius,39.6,2024,66,Africa
Mexico,mexico,30.8,2024,132,North America
Federated States of Micronesia,federated-states-of-micronesia,28.2,2024,152,Australia and Oceania
Moldova,moldova,39.9,2024,63,Europe
Monaco,monaco,56.9,2024,1,Europe
Mongolia,mongolia,31.5,2024,126,East and Southeast Asia
Montenegro,montenegro,41.1,2024,54,Europe
Montserrat,montserrat,36.8,2024,87,Central America and the Caribbean
Morocco,morocco,30.6,2024,135,Africa
Mozambique,mozambique,17.3,2024,222,Africa
Namibia,namibia,22.8,2024,182,Africa
Nauru,nauru,27.8,2024,156,Australia and Oceania
Nepal,nepal,27.6,2024,157,South Asia
Netherlands,netherlands,42.2,2024,44,Europe
New Caledonia,new-caledonia,34.3,2024,103,Australia and Oceania
New Zealand,new-zealand,37.9,2024,80,Australia and Oceania
Nicaragua,nicaragua,29,2024,147,Central America and the Caribbean
Niger,niger,15.2,2024,229,Africa
Nigeria,nigeria,19.3,2024,211,Africa
North Macedonia,north-macedonia,40.5,2024,59,Europe
Northern Mariana Islands,northern-mariana-islands,32.4,2024,116,Australia and Oceania
Norway,norway,40.8,2024,57,Europe
Oman,oman,27.3,2024,159,Middle East
Pakistan,pakistan,22.9,2024,180,South Asia
Palau,palau,35.3,2024,99,Australia and Oceania
Panama,panama,31.5,2024,127,Central America and the Caribbean
Papua New Guinea,papua-new-guinea,21.7,2024,190,East and Southeast Asia
Paraguay,paraguay,31.8,2024,123,South America
Peru,peru,30.2,2024,139,South America
Philippines,philippines,25.7,2024,167,East and Southeast Asia
Poland,poland,42.9,2024,38,Europe
Portugal,portugal,46.4,2024,11,Europe
Puerto Rico,puerto-rico,46.1,2024,13,Central America and the Caribbean
Qatar,qatar,34.3,2024,105,Middle East
Romania,romania,45.5,2024,16,Europe
Russia,russia,41.9,2024,48,Central Asia
Rwanda,rwanda,20.8,2024,198,Africa
Saint Barthelemy,saint-barthelemy,47.4,2024,6,Central America and the Caribbean
Saint Helena Ascension and Tristan da Cunha,saint-helena-ascension-and-tristan-da-cunha,45.1,2024,21,Africa
Saint Kitts and Nevis,saint-kitts-and-nevis,38.6,2024,72,Central America and the Caribbean
Saint Lucia,saint-lucia,39.7,2024,65,Central America and the Caribbean
Saint Martin,saint-martin,34.2,2024,106,Central America and the Caribbean
Saint Pierre and Miquelon,saint-pierre-and-miquelon,51.2,2024,2,North America
Saint Vincent and the Grenadines,saint-vincent-and-the-grenadines,37.6,2024,82,Central America and the Caribbean
Samoa,samoa,27.4,2024,158,Australia and Oceania
San Marino,san-marino,46.1,2024,14,Europe
Sao Tome and Principe,sao-tome-and-principe,20.8,2024,197,Africa
Saudi Arabia,saudi-arabia,32.4,2024,115,Middle East
Senegal,senegal,19.2,2024,213,Africa
Serbia,serbia,43.9,2024,33,Europe
Seychelles,seychelles,38.7,2024,71,Africa
Sierra Leone,sierra-leone,19.4,2024,210,Africa
Singapore,singapore,39.4,2024,68,East and Southeast Asia
Sint Maarten,sint-maarten,41,2024,55,Central America and the Caribbean
Slovakia,slovakia,42.8,2024,39,Europe
Slovenia,slovenia,46.3,2024,12,Europe
Solomon Islands,solomon-islands,25.2,2024,171,Australia and Oceania
Somalia,somalia,19.1,2024,215,Africa
South Africa,south-africa,30.4,2024,136,Africa
South Sudan,south-sudan,18.7,2024,217,Africa
Spain,spain,46.8,2024,8,Europe
Sri Lanka,sri-lanka,34.1,2024,107,South Asia
Sudan,sudan,19.3,2024,212,Africa
Suriname,suriname,32,2024,118,South America
Sweden,sweden,41.1,2024,52,Europe
Switzerland,switzerland,44.2,2024,32,Europe
Syria,syria,24.1,2024,178,Middle East
Taiwan,taiwan,44.6,2024,29,East and Southeast Asia
Tajikistan,tajikistan,22.8,2024,181,Central Asia
Tanzania,tanzania,19.1,2024,214,Africa
Thailand,thailand,41.5,2024,49,East and Southeast Asia
Timor-Leste,timor-leste,20.6,2024,201,East and Southeast Asia
Togo,togo,20.7,2024,199,Africa
Tonga,tonga,25.9,2024,166,Australia and Oceania
Trinidad and Tobago,trinidad-and-tobago,38.5,2024,73,Central America and the Caribbean
Tunisia,tunisia,34.4,2024,102,Africa
Turkey,turkey-turkiye,34,2024,108,Middle East
Turkmenistan,turkmenistan,31.2,2024,128,Central Asia
Turks and Caicos Islands,turks-and-caicos-islands,36.3,2024,93,Central America and the Caribbean
Tuvalu,tuvalu,27.8,2024,155,Australia and Oceania
Uganda,uganda,16.2,2024,228,Africa
Ukraine,ukraine,44.9,2024,25,Europe
United Arab Emirates,united-arab-emirates,35.8,2024,95,Middle East
United Kingdom,united-kingdom,40.8,2024,58,Europe
United States,united-states,38.9,2022,69,North America
Uruguay,uruguay,36.5,2024,89,South America
Uzbekistan,uzbekistan,28.9,2024,148,Central Asia
Vanuatu,vanuatu,24.6,2024,176,Australia and Oceania
Venezuela,venezuela,31,2024,129,South America
Vietnam,vietnam,33.1,2024,113,East and Southeast Asia
Virgin Islands,virgin-islands,43,2024,37,Central America and the Caribbean
Wallis and Futuna,wallis-and-futuna,36.3,2024,92,Australia and Oceania
West Bank,west-bank,21.9,2024,189,Middle East
Yemen,yemen,22,2024,188,Middle East
Zambia,zambia,18.4,2024,219,Africa
Zimbabwe,zimbabwe,21.2,2024,194,Africa